<?xml version="1.0" encoding="UTF-8" standalone="no"?><nodeTypes xmlns:fn="http://www.w3.org/2005/xpath-functions" xmlns:fn_old="http://www.w3.org/2004/10/xpath-functions" xmlns:jcr="http://www.jcp.org/jcr/1.0" xmlns:mix="http://www.jcp.org/jcr/mix/1.0" xmlns:next="http://nextreports.ro/jcr/2.0" xmlns:nt="http://www.jcp.org/jcr/nt/1.0" xmlns:rep="internal" xmlns:sv="http://www.jcp.org/jcr/sv/1.0" xmlns:xs="http://www.w3.org/2001/XMLSchema"><nodeType hasOrderableChildNodes="false" isAbstract="false" isMixin="true" isQueryable="true" name="next:reportMixin" primaryItemName="nt:unstructured"><supertypes><supertype>mix:referenceable</supertype><supertype>mix:versionable</supertype></supertypes><childNodeDefinition autoCreated="true" defaultPrimaryType="nt:unstructured" mandatory="false" name="runHistory" onParentVersion="IGNORE" protected="false" sameNameSiblings="false"><requiredPrimaryTypes><requiredPrimaryType>nt:unstructured</requiredPrimaryType></requiredPrimaryTypes></childNodeDefinition><childNodeDefinition autoCreated="true" defaultPrimaryType="nt:unstructured" mandatory="false" name="templates" onParentVersion="IGNORE" protected="false" sameNameSiblings="false"><requiredPrimaryTypes><requiredPrimaryType>nt:unstructured</requiredPrimaryType></requiredPrimaryTypes></childNodeDefinition></nodeType></nodeTypes>